-- When insert the data for the tables we use the "INSERT INTO" func.
-- and we have to write to all of the columns names (attributes) in this func.
-- and then we write the values in the order in the func.

-- Inserting 3 of data for FACULTY table
INSERT INTO FACULTY
(FACULTY_ID, FACULTY_NAME, DEAN, DEPARTMENT_ID, STUDENT_ID)
VALUES (001, 'FENS', 'Nafiz Arıca', 123, 12345);

INSERT INTO FACULTY
(FACULTY_ID, FACULTY_NAME, DEAN, DEPARTMENT_ID, STUDENT_ID)
VALUES (002, 'FEAS', 'Yavuz GÜNALAY', 142, 19238);

INSERT INTO FACULTY
(FACULTY_ID, FACULTY_NAME, DEAN, DEPARTMENT_ID, STUDENT_ID)
VALUES (003, 'MED', 'Türker Kılıç', 103, 19767);

-- Inserting 3 of data for DEPARTMENT table
INSERT INTO DEPARTMENT
(DEPARTMENT_ID, DEPARTMENT_NAME, COURSE_ID)
VALUES (123, 'SEN', 2104);

INSERT INTO  DEPARTMENT
(DEPARTMENT_ID, DEPARTMENT_NAME, COURSE_ID)
VALUES (142, 'ECO', 4553);

INSERT INTO DEPARTMENT
(DEPARTMENT_ID, DEPARTMENT_NAME, COURSE_ID)
VALUES (103, 'MED', 103);

-- Inserting 3 of data for COURSE table
INSERT INTO COURSE
(COURSE_ID, COURSE_NAME, SECTION, SEMESTER, INSTRUCTOR_ID)
VALUES (2104, 'DBMS', 2, 'FALL', 210);

INSERT INTO COURSE
(COURSE_ID, COURSE_NAME, SECTION, SEMESTER, INSTRUCTOR_ID)
VALUES (4553, 'GROWTH', 1, 'FALL', 239);

INSERT INTO COURSE
(COURSE_ID, COURSE_NAME, SECTION, SEMESTER, INSTRUCTOR_ID)
VALUES (103, 'BIO', 3, 'SPRING', 109);

-- Inserting 3 of data for GRADE table
INSERT INTO GRADE
(LETTER_GRADE, STUDENT_ID, COURSE_ID,SCORE)
VALUES('A', 12345, 2104, ’92’);

INSERT INTO GRADE
(LETTER_GRADE, STUDENT_ID, COURSE_ID, SCORE)
VALUES('B', 19238, 4553, ‘88’);

INSERT INTO GRADE
(LETTER_GRADE, STUDENT_ID, COURSE_ID, SCORE)
VALUES('D', 19767, 103, ‘35’);

-- Inserting 3 of data for INSTRUCTOR table
INSERT INTO INSTRUCTOR
(INSTRUCTOR_ID, FIRST_NAME, LAST_NAME, EMAIL, ADDRESS,
DATE_OF_BIRTH, PHONE, GENDER, AGE)
VALUES(239, 'DILA', 'ASFUROGLU', 'example1@gmail.com', 'ISTANBUL',
TO_DATE('03/05/1985', 'DD/MM/YYYY'),3333333333, 'FEMALE',37);

INSERT INTO INSTRUCTOR
(INSTRUCTOR_ID, FIRST_NAME, LAST_NAME, EMAIL, ADDRESS,
DATE_OF_BIRTH, PHONE, GENDER, AGE)
VALUES(109, 'GULENDAM', 'KOCAK', 'example12@gmail.com', ‘IZMIR’,
TO_DATE('23/03/1980', 'DD/MM/YYYY'),1111111111, 'FEMALE',42);

INSERT INTO INSTRUCTOR
(INSTRUCTOR_ID, FIRST_NAME, LAST_NAME, EMAIL, ADDRESS,
DATE_OF_BIRTH, PHONE, GENDER, AGE)
VALUES(210, 'TAMER', 'UÇAR', 'example00@gmail.com', 'ISTANBUL',
TO_DATE('03/05/1988', 'DD/MM/YYYY'),3333333333, 'MALE',40);

-- Inserting 3 of data for STUDENT table
INSERT INTO STUDENT
(STUDENT_ID, FIRST_NAME, LAST_NAME,ADDRESS,
DATE_OF_BIRTH, PHONE, GENDER, AGE)
VALUES(12345, 'ALI BERK', 'KAZAN', 'HATAY',
TO_DATE('13/02/1998', 'DD/MM/YYYY'),222222222, 'MALE',24);

INSERT INTO STUDENT
(STUDENT_ID, FIRST_NAME, LAST_NAME, ADDRESS,
DATE_OF_BIRTH, PHONE, GENDER, AGE)
VALUES(19238, 'CAGLAR', 'KESKIN', 'ADANA',
TO_DATE('05/02/1998', 'DD/MM/YYYY'),222222222, 'MALE',24);

INSERT INTO STUDENT
(STUDENT_ID, FIRST_NAME, LAST_NAME, ADDRESS,
DATE_OF_BIRTH, PHONE, GENDER, AGE)
VALUES(19767, 'EDA', 'COLAK', 'IZMIR',
TO_DATE('17/12/1999', 'DD/MM/YYYY'),7777777777, 'FEMALE',23);
